fitsfile,center_ra,center_dec,radius,overlaps
P219+42_mosaic-blanked.fits,219.81943546651004,42.43251666528168,2.5287453493550167,P216+42_mosaic-blanked.fits;P218+45_mosaic-blanked.fits;P221+45_mosaic-blanked.fits;P221+47_mosaic-blanked.fits;P223+42_mosaic-blanked.fits
P214+55_mosaic-blanked.fits,214.06627450899893,54.94771666450718,2.8412447659332756,P209+55_mosaic-blanked.fits;P210+52_mosaic-blanked.fits;P211+50_mosaic-blanked.fits;P212+60_mosaic-blanked.fits;P213+57_mosaic-blanked.fits;P214+52_mosaic-blanked.fits;P215+50_mosaic-blanked.fits;P217+57_mosaic-blanked.fits;P218+55_mosaic-blanked.fits;P219+52_mosaic-blanked.fits
P176+60_mosaic-blanked.fits,176.49517251778278,59.76581666406717,2.651247864544835,P171+60_mosaic-blanked.fits;P174+57_mosaic-blanked.fits;P178+55_mosaic-blanked.fits;P179+57_mosaic-blanked.fits;P181+60_mosaic-blanked.fits
P210+47_mosaic-blanked.fits,210.0273844547036,47.397616665019235,2.758744890275594,P1Hetdex15_mosaic-blanked.fits;P206+50_mosaic-blanked.fits;P207+45_mosaic-blanked.fits;P209+42_mosaic-blanked.fits;P210+45_mosaic-blanked.fits;P210+52_mosaic-blanked.fits;P211+50_mosaic-blanked.fits;P213+47_mosaic-blanked.fits;P214+45_mosaic-blanked.fits;P215+50_mosaic-blanked.fits
P146+50_mosaic-blanked.fits,146.90435748611614,49.571816664888296,3.010619309221394,P142+50_mosaic-blanked.fits;P143+52_mosaic-blanked.fits;P145+45_mosaic-blanked.fits;P145+47_mosaic-blanked.fits;P146+55_mosaic-blanked.fits;P147+52_mosaic-blanked.fits;P148+45_mosaic-blanked.fits;P149+47_mosaic-blanked.fits;P150+50_mosaic-blanked.fits
P25Hetdex09_mosaic-blanked.fits,185.28532136221773,52.122516664718965,2.681870262565607,P182+55_mosaic-blanked.fits;P187+55_mosaic-blanked.fits;P21_mosaic-blanked.fits;P22Hetdex04_mosaic-blanked.fits;P23Hetdex20_mosaic-blanked.fits;P26Hetdex03_mosaic-blanked.fits;P29Hetdex19_mosaic-blanked.fits
P023+29_mosaic-blanked.fits,23.26712534961235,28.61721666584008,2.462208820195763,P027+31_mosaic-blanked.fits
P236+55_mosaic-blanked.fits,236.64627215139328,55.077816664496716,2.9731189966347857,P231+53_mosaic-blanked.fits;P232+55_mosaic-blanked.fits;P232+58_mosaic-blanked.fits;P235+50_mosaic-blanked.fits;P236+53_mosaic-blanked.fits;P237+58_mosaic-blanked.fits;P238+60_mosaic-blanked.fits;P239+50_mosaic-blanked.fits;P240+53_mosaic-blanked.fits;P241+55_mosaic-blanked.fits
P235+50_mosaic-blanked.fits,235.17035110236026,50.05031666485791,2.764371333525869,P231+50_mosaic-blanked.fits;P231+53_mosaic-blanked.fits;P232+45_mosaic-blanked.fits;P232+55_mosaic-blanked.fits;P233+48_mosaic-blanked.fits;P236+45_mosaic-blanked.fits;P236+48_mosaic-blanked.fits;P236+53_mosaic-blanked.fits;P236+55_mosaic-blanked.fits;P239+50_mosaic-blanked.fits
P215+50_mosaic-blanked.fits,215.03335266436767,49.934416664865324,3.128747178458031,P210+47_mosaic-blanked.fits;P210+52_mosaic-blanked.fits;P211+50_mosaic-blanked.fits;P213+47_mosaic-blanked.fits;P214+45_mosaic-blanked.fits;P214+52_mosaic-blanked.fits;P214+55_mosaic-blanked.fits;P217+47_mosaic-blanked.fits;P218+45_mosaic-blanked.fits;P219+50_mosaic-blanked.fits;P219+52_mosaic-blanked.fits
P12Hetdex11_mosaic-blanked.fits,172.55732136221772,52.122516664718965,2.846869061896296,P10Hetdex_mosaic-blanked.fits;P11Hetdex12_mosaic-blanked.fits;P14Hetdex04_mosaic-blanked.fits;P169+55_mosaic-blanked.fits;P16Hetdex13_mosaic-blanked.fits;P173+55_mosaic-blanked.fits;P174+57_mosaic-blanked.fits;P8Hetdex_mosaic-blanked.fits
P013+26_mosaic-blanked.fits,13.309636331689267,26.021316665927067,2.6812431747871193,
P218+55_mosaic-blanked.fits,218.5762740556306,54.97281666450517,2.9387443890793494,P214+52_mosaic-blanked.fits;P214+55_mosaic-blanked.fits;P217+57_mosaic-blanked.fits;P217+60_mosaic-blanked.fits;P219+50_mosaic-blanked.fits;P219+52_mosaic-blanked.fits;P222+58_mosaic-blanked.fits;P223+52_mosaic-blanked.fits;P223+55_mosaic-blanked.fits
P229+48_mosaic-blanked.fits,229.17138319285527,47.50531666501301,3.0699969968461875,P225+45_mosaic-blanked.fits;P225+47_mosaic-blanked.fits;P226+42_mosaic-blanked.fits;P227+50_mosaic-blanked.fits;P227+53_mosaic-blanked.fits;P229+45_mosaic-blanked.fits;P230+42_mosaic-blanked.fits;P231+50_mosaic-blanked.fits;P231+53_mosaic-blanked.fits;P232+45_mosaic-blanked.fits;P233+48_mosaic-blanked.fits
P38Hetdex07_mosaic-blanked.fits,200.13335514997254,49.748416664877155,2.363744136918275,P34Hetdex06_mosaic-blanked.fits;P35Hetdex10_mosaic-blanked.fits;P36Hetdex10_mosaic-blanked.fits;P37Hetdex15_mosaic-blanked.fits;P39Hetdex19_mosaic-blanked.fits;P42Hetdex07_mosaic-blanked.fits;P5Hetdex41_mosaic-blanked.fits
P21_mosaic-blanked.fits,181.04232136221773,52.122516664718965,2.731868755233985,P16Hetdex13_mosaic-blanked.fits;P178+55_mosaic-blanked.fits;P182+55_mosaic-blanked.fits;P18Hetdex03_mosaic-blanked.fits;P19Hetdex17_mosaic-blanked.fits;P22Hetdex04_mosaic-blanked.fits;P25Hetdex09_mosaic-blanked.fits
P165+57_mosaic-blanked.fits,165.08323089036247,57.19701666431609,2.8956208288786924,P160+55_mosaic-blanked.fits;P160+57_mosaic-blanked.fits;P161+60_mosaic-blanked.fits;P164+55_mosaic-blanked.fits;P166+60_mosaic-blanked.fits;P169+55_mosaic-blanked.fits;P169+57_mosaic-blanked.fits;P4Hetdex16_mosaic-blanked.fits
P186+60_mosaic-blanked.fits,186.79017117959702,59.819716664061524,2.871871821494974,P181+60_mosaic-blanked.fits;P184+57_mosaic-blanked.fits;P187+55_mosaic-blanked.fits;P189+57_mosaic-blanked.fits;P191+60_mosaic-blanked.fits
P232+58_mosaic-blanked.fits,232.33022321602448,57.56111666428294,2.9731189966347857,P227+55_mosaic-blanked.fits;P227+58_mosaic-blanked.fits;P228+60_mosaic-blanked.fits;P231+53_mosaic-blanked.fits;P232+55_mosaic-blanked.fits;P233+60_mosaic-blanked.fits;P236+55_mosaic-blanked.fits;P237+58_mosaic-blanked.fits
P228+60_mosaic-blanked.fits,228.1421655207102,60.04541666403776,2.843121292285078,P222+58_mosaic-blanked.fits;P222+60_mosaic-blanked.fits;P227+55_mosaic-blanked.fits;P227+58_mosaic-blanked.fits;P232+58_mosaic-blanked.fits;P233+60_mosaic-blanked.fits
P231+53_mosaic-blanked.fits,231.94031491862847,52.540516664689356,3.075620354409729,P227+50_mosaic-blanked.fits;P227+53_mosaic-blanked.fits;P227+55_mosaic-blanked.fits;P229+48_mosaic-blanked.fits;P231+50_mosaic-blanked.fits;P232+55_mosaic-blanked.fits;P232+58_mosaic-blanked.fits;P233+48_mosaic-blanked.fits;P235+50_mosaic-blanked.fits;P236+53_mosaic-blanked.fits;P236+55_mosaic-blanked.fits
P178+55_mosaic-blanked.fits,178.08427794664874,54.75611666452247,2.731868755233985,P16Hetdex13_mosaic-blanked.fits;P173+55_mosaic-blanked.fits;P174+57_mosaic-blanked.fits;P176+60_mosaic-blanked.fits;P179+57_mosaic-blanked.fits;P182+55_mosaic-blanked.fits;P18Hetdex03_mosaic-blanked.fits;P21_mosaic-blanked.fits
P210+52_mosaic-blanked.fits,210.6833167955232,52.419816664697954,2.954048280927783,P206+50_mosaic-blanked.fits;P206+52_mosaic-blanked.fits;P208+57_mosaic-blanked.fits;P209+55_mosaic-blanked.fits;P210+47_mosaic-blanked.fits;P211+50_mosaic-blanked.fits;P213+57_mosaic-blanked.fits;P214+52_mosaic-blanked.fits;P214+55_mosaic-blanked.fits;P215+50_mosaic-blanked.fits
P166+60_mosaic-blanked.fits,166.21617385092438,59.71191666407277,2.7043746045934722,P161+60_mosaic-blanked.fits;P164+55_mosaic-blanked.fits;P165+57_mosaic-blanked.fits;P169+57_mosaic-blanked.fits;P171+60_mosaic-blanked.fits
P233+48_mosaic-blanked.fits,233.00538292713227,47.527916665011695,3.00437059850611,P229+45_mosaic-blanked.fits;P229+48_mosaic-blanked.fits;P231+50_mosaic-blanked.fits;P231+53_mosaic-blanked.fits;P232+45_mosaic-blanked.fits;P233+43_mosaic-blanked.fits;P235+50_mosaic-blanked.fits;P236+45_mosaic-blanked.fits;P236+48_mosaic-blanked.fits;P236+53_mosaic-blanked.fits
P004+38_mosaic-blanked.fits,4.253617648266963,38.492416665461896,2.9968707300483897,P000+38_mosaic-blanked.fits;P006+36_mosaic-blanked.fits;P007+39_mosaic-blanked.fits
P243+60_mosaic-blanked.fits,243.7241631473568,60.139016664027785,2.651247864544835,P238+60_mosaic-blanked.fits;P241+58_mosaic-blanked.fits;P245+55_mosaic-blanked.fits;P246+58_mosaic-blanked.fits;P248+60_mosaic-blanked.fits
P205+55_mosaic-blanked.fits,205.05427539382984,54.898616664511124,2.7912455327998105,P200+55_mosaic-blanked.fits;P202+60_mosaic-blanked.fits;P203+57_mosaic-blanked.fits;P206+50_mosaic-blanked.fits;P206+52_mosaic-blanked.fits;P207+60_mosaic-blanked.fits;P208+57_mosaic-blanked.fits;P209+55_mosaic-blanked.fits;P42Hetdex07_mosaic-blanked.fits;P5Hetdex41_mosaic-blanked.fits
P209+55_mosaic-blanked.fits,209.55927495445403,54.92301666450917,2.7481205432920017,P205+55_mosaic-blanked.fits;P206+50_mosaic-blanked.fits;P206+52_mosaic-blanked.fits;P207+60_mosaic-blanked.fits;P208+57_mosaic-blanked.fits;P210+52_mosaic-blanked.fits;P211+50_mosaic-blanked.fits;P213+57_mosaic-blanked.fits;P214+55_mosaic-blanked.fits
P155+60_mosaic-blanked.fits,155.95417519626398,59.657316664078444,2.906868324931101,P150+57_mosaic-blanked.fits;P150+60_mosaic-blanked.fits;P155+55_mosaic-blanked.fits;P155+57_mosaic-blanked.fits;P160+57_mosaic-blanked.fits;P161+60_mosaic-blanked.fits
P9Hetdex01_mosaic-blanked.fits,170.43640729147532,45.332816665133954,3.358999794260468,P10Hetdex_mosaic-blanked.fits;P11Hetdex12_mosaic-blanked.fits;P13Hetdex12_mosaic-blanked.fits;P167+42_mosaic-blanked.fits;P170+42_mosaic-blanked.fits;P174+42_mosaic-blanked.fits;P5Hetdex_mosaic-blanked.fits;P7Hetdex11_mosaic-blanked.fits
P212+42_mosaic-blanked.fits,212.80643581834283,42.39341666528358,2.5568695914588475,P209+42_mosaic-blanked.fits;P210+45_mosaic-blanked.fits;P213+47_mosaic-blanked.fits;P214+45_mosaic-blanked.fits;P216+42_mosaic-blanked.fits
P238+60_mosaic-blanked.fits,238.52516395798975,60.10711666403119,2.6443682006676417,P233+60_mosaic-blanked.fits;P236+55_mosaic-blanked.fits;P237+58_mosaic-blanked.fits;P241+58_mosaic-blanked.fits;P243+60_mosaic-blanked.fits
P187+55_mosaic-blanked.fits,187.06327710715064,54.80311666451874,2.6349977890230734,P182+55_mosaic-blanked.fits;P184+57_mosaic-blanked.fits;P186+60_mosaic-blanked.fits;P189+57_mosaic-blanked.fits;P191+55_mosaic-blanked.fits;P25Hetdex09_mosaic-blanked.fits;P29Hetdex19_mosaic-blanked.fits
P29Hetdex19_mosaic-blanked.fits,189.52732136221772,52.122516664718965,2.6349977890230734,P187+55_mosaic-blanked.fits;P191+55_mosaic-blanked.fits;P25Hetdex09_mosaic-blanked.fits;P26Hetdex03_mosaic-blanked.fits;P27Hetdex09_mosaic-blanked.fits;P30Hetdex06_mosaic-blanked.fits;P33Hetdex08_mosaic-blanked.fits
P195+42_mosaic-blanked.fits,195.291436662212,42.299316665288146,3.377497241757493,P191+42_mosaic-blanked.fits;P198+42_mosaic-blanked.fits;P31Hetdex19_mosaic-blanked.fits;P32Hetdex08_mosaic-blanked.fits;P36Hetdex10_mosaic-blanked.fits;P8Hetdex28_mosaic-blanked.fits
P141+57_mosaic-blanked.fits,141.22323356986038,57.06781666432768,2.9818753664597573,P140+60_mosaic-blanked.fits;P142+55_mosaic-blanked.fits;P143+52_mosaic-blanked.fits;P145+57_mosaic-blanked.fits;P145+60_mosaic-blanked.fits
P223+52_mosaic-blanked.fits,223.43031568997085,52.4910166646929,3.21749806944691,P218+55_mosaic-blanked.fits;P219+50_mosaic-blanked.fits;P219+52_mosaic-blanked.fits;P221+47_mosaic-blanked.fits;P222+58_mosaic-blanked.fits;P223+50_mosaic-blanked.fits;P223+55_mosaic-blanked.fits;P225+47_mosaic-blanked.fits;P227+50_mosaic-blanked.fits;P227+53_mosaic-blanked.fits;P227+55_mosaic-blanked.fits
P159+45_mosaic-blanked.fits,159.87541458749,44.62261666517148,2.9037456500624974,P156+42_mosaic-blanked.fits;P156+45_mosaic-blanked.fits;P156+47_mosaic-blanked.fits;P158+50_mosaic-blanked.fits;P160+42_mosaic-blanked.fits;P160+47_mosaic-blanked.fits;P163+42_mosaic-blanked.fits;P163+45_mosaic-blanked.fits;P3Hetdex16_mosaic-blanked.fits
P233+43_mosaic-blanked.fits,233.85943473360393,42.51371666527774,2.741870567114813,P229+45_mosaic-blanked.fits;P230+42_mosaic-blanked.fits;P232+45_mosaic-blanked.fits;P233+48_mosaic-blanked.fits;P236+45_mosaic-blanked.fits;P237+43_mosaic-blanked.fits
P239+50_mosaic-blanked.fits,239.20435077357067,50.074616664856336,2.690622315326592,P235+50_mosaic-blanked.fits;P236+48_mosaic-blanked.fits;P236+53_mosaic-blanked.fits;P236+55_mosaic-blanked.fits;P240+45_mosaic-blanked.fits;P240+48_mosaic-blanked.fits;P240+53_mosaic-blanked.fits;P241+55_mosaic-blanked.fits;P243+50_mosaic-blanked.fits
P236+53_mosaic-blanked.fits,236.1983145235172,52.56581666468754,2.980618892027738,P231+50_mosaic-blanked.fits;P231+53_mosaic-blanked.fits;P232+55_mosaic-blanked.fits;P233+48_mosaic-blanked.fits;P235+50_mosaic-blanked.fits;P236+48_mosaic-blanked.fits;P236+55_mosaic-blanked.fits;P237+58_mosaic-blanked.fits;P239+50_mosaic-blanked.fits;P240+53_mosaic-blanked.fits;P241+55_mosaic-blanked.fits
P222+60_mosaic-blanked.fits,222.95716627304017,60.0156166640409,2.951246111086571,P217+57_mosaic-blanked.fits;P217+60_mosaic-blanked.fits;P222+58_mosaic-blanked.fits;P223+55_mosaic-blanked.fits;P227+58_mosaic-blanked.fits;P228+60_mosaic-blanked.fits
P4Hetdex16_mosaic-blanked.fits,164.07232136221774,52.122516664718965,2.9749964326372758,P159+52_mosaic-blanked.fits;P160+55_mosaic-blanked.fits;P164+55_mosaic-blanked.fits;P165+57_mosaic-blanked.fits;P169+55_mosaic-blanked.fits;P2Hetdex01_mosaic-blanked.fits;P3Hetdex16_mosaic-blanked.fits;P6_mosaic-blanked.fits;P8Hetdex_mosaic-blanked.fits
P40Hetdex19_mosaic-blanked.fits,204.37640729147532,45.332816665133954,2.890620282220066,P1Hetdex15_mosaic-blanked.fits;P202+42_mosaic-blanked.fits;P205+42_mosaic-blanked.fits;P206+50_mosaic-blanked.fits;P207+45_mosaic-blanked.fits;P36Hetdex10_mosaic-blanked.fits;P39Hetdex19_mosaic-blanked.fits;P42Hetdex07_mosaic-blanked.fits
P241+55_mosaic-blanked.fits,241.17127165060774,55.105316664494495,2.8743683806672737,P236+53_mosaic-blanked.fits;P236+55_mosaic-blanked.fits;P237+58_mosaic-blanked.fits;P239+50_mosaic-blanked.fits;P240+53_mosaic-blanked.fits;P241+58_mosaic-blanked.fits;P243+50_mosaic-blanked.fits;P244+53_mosaic-blanked.fits;P245+55_mosaic-blanked.fits
P156+47_mosaic-blanked.fits,156.62238773338012,47.11481666503547,2.9037456500624974,P152+45_mosaic-blanked.fits;P152+47_mosaic-blanked.fits;P154+50_mosaic-blanked.fits;P155+52_mosaic-blanked.fits;P156+42_mosaic-blanked.fits;P156+45_mosaic-blanked.fits;P158+50_mosaic-blanked.fits;P159+45_mosaic-blanked.fits;P160+47_mosaic-blanked.fits
P33Hetdex08_mosaic-blanked.fits,193.77032136221771,52.122516664718965,2.6274958548327616,P191+55_mosaic-blanked.fits;P193+57_mosaic-blanked.fits;P196+55_mosaic-blanked.fits;P29Hetdex19_mosaic-blanked.fits;P30Hetdex06_mosaic-blanked.fits;P31Hetdex19_mosaic-blanked.fits;P34Hetdex06_mosaic-blanked.fits;P37Hetdex15_mosaic-blanked.fits
P30Hetdex06_mosaic-blanked.fits,191.64835514997256,49.748416664877155,2.363744136918275,P26Hetdex03_mosaic-blanked.fits;P27Hetdex09_mosaic-blanked.fits;P29Hetdex19_mosaic-blanked.fits;P31Hetdex19_mosaic-blanked.fits;P33Hetdex08_mosaic-blanked.fits;P34Hetdex06_mosaic-blanked.fits;P8Hetdex28_mosaic-blanked.fits
P226+42_mosaic-blanked.fits,226.839435105852,42.47251666527974,2.629992636577914,P221+45_mosaic-blanked.fits;P223+42_mosaic-blanked.fits;P225+45_mosaic-blanked.fits;P225+47_mosaic-blanked.fits;P229+45_mosaic-blanked.fits;P229+48_mosaic-blanked.fits;P230+42_mosaic-blanked.fits
P202+42_mosaic-blanked.fits,202.29443633088638,42.33631666528635,2.912497130507229,P198+42_mosaic-blanked.fits;P205+42_mosaic-blanked.fits;P207+45_mosaic-blanked.fits;P36Hetdex10_mosaic-blanked.fits;P39Hetdex19_mosaic-blanked.fits;P40Hetdex19_mosaic-blanked.fits
P145+60_mosaic-blanked.fits,145.70917656343076,59.601616664084204,2.9818753664597573,P140+60_mosaic-blanked.fits;P141+57_mosaic-blanked.fits;P145+57_mosaic-blanked.fits;P146+55_mosaic-blanked.fits;P150+57_mosaic-blanked.fits;P150+60_mosaic-blanked.fits
P34Hetdex06_mosaic-blanked.fits,195.89135514997255,49.748416664877155,2.363744136918275,P30Hetdex06_mosaic-blanked.fits;P31Hetdex19_mosaic-blanked.fits;P32Hetdex08_mosaic-blanked.fits;P33Hetdex08_mosaic-blanked.fits;P35Hetdex10_mosaic-blanked.fits;P37Hetdex15_mosaic-blanked.fits;P38Hetdex07_mosaic-blanked.fits
P18Hetdex03_mosaic-blanked.fits,178.92135514997256,49.748416664877155,2.363744136918275,P14Hetdex04_mosaic-blanked.fits;P15Hetdex13_mosaic-blanked.fits;P16Hetdex13_mosaic-blanked.fits;P178+55_mosaic-blanked.fits;P17_mosaic-blanked.fits;P19Hetdex17_mosaic-blanked.fits;P21_mosaic-blanked.fits;P22Hetdex04_mosaic-blanked.fits
P145+57_mosaic-blanked.fits,145.9882330241825,57.09421666432531,3.2443728586107543,P140+60_mosaic-blanked.fits;P141+57_mosaic-blanked.fits;P142+55_mosaic-blanked.fits;P143+52_mosaic-blanked.fits;P145+60_mosaic-blanked.fits;P146+55_mosaic-blanked.fits;P147+52_mosaic-blanked.fits;P150+57_mosaic-blanked.fits;P150+60_mosaic-blanked.fits;P151+55_mosaic-blanked.fits
P237+43_mosaic-blanked.fits,237.37243454265902,42.53481666527671,2.8012453814727136,P232+45_mosaic-blanked.fits;P233+43_mosaic-blanked.fits;P236+45_mosaic-blanked.fits;P236+48_mosaic-blanked.fits;P240+43_mosaic-blanked.fits;P240+45_mosaic-blanked.fits
P345+33_mosaic-blanked.fits,345.67750141761326,33.31091666567109,2.8079198313145617,
P232+45_mosaic-blanked.fits,232.87141056411707,45.017516665150715,3.076871413529448,P229+45_mosaic-blanked.fits;P229+48_mosaic-blanked.fits;P230+42_mosaic-blanked.fits;P231+50_mosaic-blanked.fits;P233+43_mosaic-blanked.fits;P233+48_mosaic-blanked.fits;P235+50_mosaic-blanked.fits;P236+45_mosaic-blanked.fits;P236+48_mosaic-blanked.fits;P237+43_mosaic-blanked.fits
P193+57_mosaic-blanked.fits,193.8222277362237,57.34771666430244,2.629369254522147,P189+57_mosaic-blanked.fits;P191+55_mosaic-blanked.fits;P191+60_mosaic-blanked.fits;P196+55_mosaic-blanked.fits;P197+60_mosaic-blanked.fits;P198+57_mosaic-blanked.fits;P33Hetdex08_mosaic-blanked.fits
P214+45_mosaic-blanked.fits,214.57541163893902,44.912816665156264,2.860620513288974,P210+45_mosaic-blanked.fits;P210+47_mosaic-blanked.fits;P212+42_mosaic-blanked.fits;P213+47_mosaic-blanked.fits;P215+50_mosaic-blanked.fits;P216+42_mosaic-blanked.fits;P217+47_mosaic-blanked.fits;P218+45_mosaic-blanked.fits
P230+42_mosaic-blanked.fits,230.3474349207293,42.49301666527874,2.6849960951468814,P225+45_mosaic-blanked.fits;P226+42_mosaic-blanked.fits;P229+45_mosaic-blanked.fits;P229+48_mosaic-blanked.fits;P232+45_mosaic-blanked.fits;P233+43_mosaic-blanked.fits
P227+55_mosaic-blanked.fits,227.6052731231992,55.02431666450102,3.14499794454244,P222+58_mosaic-blanked.fits;P223+52_mosaic-blanked.fits;P223+55_mosaic-blanked.fits;P227+50_mosaic-blanked.fits;P227+53_mosaic-blanked.fits;P227+58_mosaic-blanked.fits;P228+60_mosaic-blanked.fits;P231+53_mosaic-blanked.fits;P232+55_mosaic-blanked.fits;P232+58_mosaic-blanked.fits
P31Hetdex19_mosaic-blanked.fits,193.7703833361637,47.493116665013716,2.4718716844223474,P191+42_mosaic-blanked.fits;P195+42_mosaic-blanked.fits;P27Hetdex09_mosaic-blanked.fits;P30Hetdex06_mosaic-blanked.fits;P32Hetdex08_mosaic-blanked.fits;P33Hetdex08_mosaic-blanked.fits;P34Hetdex06_mosaic-blanked.fits;P35Hetdex10_mosaic-blanked.fits;P8Hetdex28_mosaic-blanked.fits
P244+48_mosaic-blanked.fits,244.51838210321196,47.597816665007635,2.600637239276204,P240+45_mosaic-blanked.fits;P240+48_mosaic-blanked.fits;P243+45_mosaic-blanked.fits;P243+50_mosaic-blanked.fits;P244+53_mosaic-blanked.fits
P210+45_mosaic-blanked.fits,210.92141184460735,44.89271666515732,2.7943706697783854,P1Hetdex15_mosaic-blanked.fits;P207+45_mosaic-blanked.fits;P209+42_mosaic-blanked.fits;P210+47_mosaic-blanked.fits;P211+50_mosaic-blanked.fits;P212+42_mosaic-blanked.fits;P213+47_mosaic-blanked.fits;P214+45_mosaic-blanked.fits
P15Hetdex13_mosaic-blanked.fits,176.8003833361637,47.493116665013716,2.4718716844223474,P11Hetdex12_mosaic-blanked.fits;P13Hetdex12_mosaic-blanked.fits;P14Hetdex04_mosaic-blanked.fits;P16Hetdex13_mosaic-blanked.fits;P177+42_mosaic-blanked.fits;P17_mosaic-blanked.fits;P18Hetdex03_mosaic-blanked.fits;P19Hetdex17_mosaic-blanked.fits
P244+53_mosaic-blanked.fits,244.72331370644213,52.6180166646838,2.7703419300507726,P240+53_mosaic-blanked.fits;P241+55_mosaic-blanked.fits;P243+50_mosaic-blanked.fits;P244+48_mosaic-blanked.fits;P245+55_mosaic-blanked.fits;P246+58_mosaic-blanked.fits
P212+60_mosaic-blanked.fits,212.602167735291,59.957516664047056,2.9306202020522254,P207+60_mosaic-blanked.fits;P208+57_mosaic-blanked.fits;P213+57_mosaic-blanked.fits;P214+55_mosaic-blanked.fits;P217+57_mosaic-blanked.fits;P217+60_mosaic-blanked.fits
P149+47_mosaic-blanked.fits,149.01638820688373,47.07361666503782,3.0418653789319547,P145+45_mosaic-blanked.fits;P145+47_mosaic-blanked.fits;P146+42_mosaic-blanked.fits;P146+50_mosaic-blanked.fits;P147+52_mosaic-blanked.fits;P148+45_mosaic-blanked.fits;P149+42_mosaic-blanked.fits;P150+50_mosaic-blanked.fits;P152+45_mosaic-blanked.fits;P152+47_mosaic-blanked.fits
P225+45_mosaic-blanked.fits,225.54941100317512,44.97481666515298,3.0699969968461875,P221+45_mosaic-blanked.fits;P221+47_mosaic-blanked.fits;P223+42_mosaic-blanked.fits;P223+50_mosaic-blanked.fits;P225+47_mosaic-blanked.fits;P226+42_mosaic-blanked.fits;P227+50_mosaic-blanked.fits;P229+45_mosaic-blanked.fits;P229+48_mosaic-blanked.fits;P230+42_mosaic-blanked.fits
P243+50_mosaic-blanked.fits,243.23935043755156,50.09941666485476,2.618744972140299,P239+50_mosaic-blanked.fits;P240+48_mosaic-blanked.fits;P240+53_mosaic-blanked.fits;P241+55_mosaic-blanked.fits;P243+45_mosaic-blanked.fits;P244+48_mosaic-blanked.fits;P244+53_mosaic-blanked.fits
P335+26_mosaic-blanked.fits,335.91353760314985,25.696716665937657,2.8447342093271253,
P152+45_mosaic-blanked.fits,152.60341498135958,44.583516665173526,3.0418653789319547,P148+45_mosaic-blanked.fits;P149+42_mosaic-blanked.fits;P149+47_mosaic-blanked.fits;P150+50_mosaic-blanked.fits;P152+47_mosaic-blanked.fits;P153+42_mosaic-blanked.fits;P154+50_mosaic-blanked.fits;P156+42_mosaic-blanked.fits;P156+45_mosaic-blanked.fits;P156+47_mosaic-blanked.fits
P20Hetdex17_mosaic-blanked.fits,183.1634072914753,45.332816665133954,2.9199957728692856,P17_mosaic-blanked.fits;P181+42_mosaic-blanked.fits;P184+42_mosaic-blanked.fits;P188+42_mosaic-blanked.fits;P19Hetdex17_mosaic-blanked.fits;P22Hetdex04_mosaic-blanked.fits;P23Hetdex20_mosaic-blanked.fits;P24Hetdex20_mosaic-blanked.fits
P177+42_mosaic-blanked.fits,177.80243748334703,42.20731666529259,3.0968711782965386,P13Hetdex12_mosaic-blanked.fits;P15Hetdex13_mosaic-blanked.fits;P174+42_mosaic-blanked.fits;P17_mosaic-blanked.fits;P181+42_mosaic-blanked.fits
P240+45_mosaic-blanked.fits,240.20141010963184,45.06161666514838,2.9349959944445203,P236+45_mosaic-blanked.fits;P236+48_mosaic-blanked.fits;P237+43_mosaic-blanked.fits;P239+50_mosaic-blanked.fits;P240+43_mosaic-blanked.fits;P240+48_mosaic-blanked.fits;P243+45_mosaic-blanked.fits;P244+48_mosaic-blanked.fits
P153+42_mosaic-blanked.fits,153.3614386309187,42.078016665298804,2.8281231957086472,P148+45_mosaic-blanked.fits;P149+42_mosaic-blanked.fits;P152+45_mosaic-blanked.fits;P152+47_mosaic-blanked.fits;P156+42_mosaic-blanked.fits;P156+45_mosaic-blanked.fits
P219+50_mosaic-blanked.fits,219.0563523619264,49.95691666486389,3.0931193647532425,P213+47_mosaic-blanked.fits;P214+52_mosaic-blanked.fits;P215+50_mosaic-blanked.fits;P217+47_mosaic-blanked.fits;P218+45_mosaic-blanked.fits;P218+55_mosaic-blanked.fits;P219+52_mosaic-blanked.fits;P221+45_mosaic-blanked.fits;P221+47_mosaic-blanked.fits;P223+50_mosaic-blanked.fits;P223+52_mosaic-blanked.fits
P167+42_mosaic-blanked.fits,167.32143796974543,42.15261666529523,3.283747317790133,P163+42_mosaic-blanked.fits;P163+45_mosaic-blanked.fits;P170+42_mosaic-blanked.fits;P5Hetdex_mosaic-blanked.fits;P7Hetdex11_mosaic-blanked.fits;P9Hetdex01_mosaic-blanked.fits
P155+55_mosaic-blanked.fits,155.67828004893883,54.63781666453184,3.125622764162782,P150+57_mosaic-blanked.fits;P151+55_mosaic-blanked.fits;P154+50_mosaic-blanked.fits;P155+52_mosaic-blanked.fits;P155+57_mosaic-blanked.fits;P155+60_mosaic-blanked.fits;P159+52_mosaic-blanked.fits;P160+55_mosaic-blanked.fits;P160+57_mosaic-blanked.fits
P240+48_mosaic-blanked.fits,240.67738238291633,47.57411666500902,2.8656213417312273,P236+45_mosaic-blanked.fits;P236+48_mosaic-blanked.fits;P239+50_mosaic-blanked.fits;P240+43_mosaic-blanked.fits;P240+45_mosaic-blanked.fits;P240+53_mosaic-blanked.fits;P243+45_mosaic-blanked.fits;P243+50_mosaic-blanked.fits;P244+48_mosaic-blanked.fits
P227+53_mosaic-blanked.fits,227.6843153084764,52.51551666469114,3.1724965197449384,P223+50_mosaic-blanked.fits;P223+52_mosaic-blanked.fits;P223+55_mosaic-blanked.fits;P225+47_mosaic-blanked.fits;P227+50_mosaic-blanked.fits;P227+55_mosaic-blanked.fits;P227+58_mosaic-blanked.fits;P229+48_mosaic-blanked.fits;P231+50_mosaic-blanked.fits;P231+53_mosaic-blanked.fits;P232+55_mosaic-blanked.fits
P214+52_mosaic-blanked.fits,214.9293164326923,52.4432166646963,3.0404622056623793,P210+52_mosaic-blanked.fits;P211+50_mosaic-blanked.fits;P213+47_mosaic-blanked.fits;P213+57_mosaic-blanked.fits;P214+55_mosaic-blanked.fits;P215+50_mosaic-blanked.fits;P217+47_mosaic-blanked.fits;P217+57_mosaic-blanked.fits;P218+55_mosaic-blanked.fits;P219+50_mosaic-blanked.fits;P219+52_mosaic-blanked.fits
P022+34_mosaic-blanked.fits,22.918699553968683,33.63421666565879,2.410388187881223,P022+36_mosaic-blanked.fits;P026+34_mosaic-blanked.fits
P027+31_mosaic-blanked.fits,27.412813070400638,31.162616665750505,2.510191070680175,P023+29_mosaic-blanked.fits;P026+34_mosaic-blanked.fits
P208+57_mosaic-blanked.fits,208.2382261104264,57.424816664295435,2.9306202020522254,P203+57_mosaic-blanked.fits;P205+55_mosaic-blanked.fits;P206+52_mosaic-blanked.fits;P207+60_mosaic-blanked.fits;P209+55_mosaic-blanked.fits;P210+52_mosaic-blanked.fits;P212+60_mosaic-blanked.fits;P213+57_mosaic-blanked.fits
P206+50_mosaic-blanked.fits,206.99135325604485,49.89031666486815,2.9568703346893677,P1Hetdex15_mosaic-blanked.fits;P205+55_mosaic-blanked.fits;P206+52_mosaic-blanked.fits;P207+45_mosaic-blanked.fits;P209+55_mosaic-blanked.fits;P210+47_mosaic-blanked.fits;P210+52_mosaic-blanked.fits;P211+50_mosaic-blanked.fits;P39Hetdex19_mosaic-blanked.fits;P40Hetdex19_mosaic-blanked.fits;P42Hetdex07_mosaic-blanked.fits;P5Hetdex41_mosaic-blanked.fits
P39Hetdex19_mosaic-blanked.fits,202.2553833361637,47.493116665013716,2.4718716844223474,P1Hetdex15_mosaic-blanked.fits;P202+42_mosaic-blanked.fits;P206+50_mosaic-blanked.fits;P35Hetdex10_mosaic-blanked.fits;P36Hetdex10_mosaic-blanked.fits;P38Hetdex07_mosaic-blanked.fits;P40Hetdex19_mosaic-blanked.fits;P42Hetdex07_mosaic-blanked.fits;P5Hetdex41_mosaic-blanked.fits
P170+42_mosaic-blanked.fits,170.81443780894813,42.17071666529434,3.220622613250893,P11Hetdex12_mosaic-blanked.fits;P13Hetdex12_mosaic-blanked.fits;P167+42_mosaic-blanked.fits;P174+42_mosaic-blanked.fits;P5Hetdex_mosaic-blanked.fits;P9Hetdex01_mosaic-blanked.fits
P207+45_mosaic-blanked.fits,207.26941204801636,44.87281666515836,2.73061836622569,P1Hetdex15_mosaic-blanked.fits;P202+42_mosaic-blanked.fits;P205+42_mosaic-blanked.fits;P206+50_mosaic-blanked.fits;P209+42_mosaic-blanked.fits;P210+45_mosaic-blanked.fits;P210+47_mosaic-blanked.fits;P40Hetdex19_mosaic-blanked.fits
P161+60_mosaic-blanked.fits,161.083174521772,59.68471666407561,2.803118699326717,P155+60_mosaic-blanked.fits;P160+55_mosaic-blanked.fits;P160+57_mosaic-blanked.fits;P165+57_mosaic-blanked.fits;P166+60_mosaic-blanked.fits
P169+57_mosaic-blanked.fits,169.8642303650941,57.22221666431381,2.8012453814727136,P165+57_mosaic-blanked.fits;P166+60_mosaic-blanked.fits;P169+55_mosaic-blanked.fits;P171+60_mosaic-blanked.fits;P173+55_mosaic-blanked.fits;P174+57_mosaic-blanked.fits;P8Hetdex_mosaic-blanked.fits
P14Hetdex04_mosaic-blanked.fits,174.67935514997257,49.748416664877155,2.363744136918275,P10Hetdex_mosaic-blanked.fits;P11Hetdex12_mosaic-blanked.fits;P12Hetdex11_mosaic-blanked.fits;P13Hetdex12_mosaic-blanked.fits;P15Hetdex13_mosaic-blanked.fits;P16Hetdex13_mosaic-blanked.fits;P173+55_mosaic-blanked.fits;P18Hetdex03_mosaic-blanked.fits
P217+47_mosaic-blanked.fits,217.68038396232052,47.43971666501682,2.860620513288974,P213+47_mosaic-blanked.fits;P214+45_mosaic-blanked.fits;P214+52_mosaic-blanked.fits;P215+50_mosaic-blanked.fits;P216+42_mosaic-blanked.fits;P218+45_mosaic-blanked.fits;P219+50_mosaic-blanked.fits;P219+52_mosaic-blanked.fits;P221+45_mosaic-blanked.fits;P221+47_mosaic-blanked.fits
P191+55_mosaic-blanked.fits,191.55727668648646,54.826616664516855,2.5937428937112657,P187+55_mosaic-blanked.fits;P189+57_mosaic-blanked.fits;P191+60_mosaic-blanked.fits;P193+57_mosaic-blanked.fits;P196+55_mosaic-blanked.fits;P29Hetdex19_mosaic-blanked.fits;P33Hetdex08_mosaic-blanked.fits
P200+55_mosaic-blanked.fits,200.55227582715222,54.87451666451303,2.70686864176766,P196+55_mosaic-blanked.fits;P198+57_mosaic-blanked.fits;P202+60_mosaic-blanked.fits;P203+57_mosaic-blanked.fits;P205+55_mosaic-blanked.fits;P37Hetdex15_mosaic-blanked.fits;P5Hetdex41_mosaic-blanked.fits
P225+47_mosaic-blanked.fits,225.33938345355915,47.48311666501429,2.9981187346440565,P221+45_mosaic-blanked.fits;P221+47_mosaic-blanked.fits;P223+42_mosaic-blanked.fits;P223+50_mosaic-blanked.fits;P223+52_mosaic-blanked.fits;P225+45_mosaic-blanked.fits;P226+42_mosaic-blanked.fits;P227+50_mosaic-blanked.fits;P227+53_mosaic-blanked.fits;P229+45_mosaic-blanked.fits;P229+48_mosaic-blanked.fits
P347+26_mosaic-blanked.fits,347.4085372168987,25.795916665934428,2.7791615697240366,
P7Hetdex11_mosaic-blanked.fits,168.3153833361637,47.493116665013716,2.4718716844223474,P10Hetdex_mosaic-blanked.fits;P11Hetdex12_mosaic-blanked.fits;P167+42_mosaic-blanked.fits;P3Hetdex16_mosaic-blanked.fits;P5Hetdex_mosaic-blanked.fits;P6_mosaic-blanked.fits;P8Hetdex_mosaic-blanked.fits;P9Hetdex01_mosaic-blanked.fits
P142+55_mosaic-blanked.fits,142.26728134387585,54.564516664537614,2.8287463817201393,P140+60_mosaic-blanked.fits;P141+57_mosaic-blanked.fits;P142+50_mosaic-blanked.fits;P143+52_mosaic-blanked.fits;P145+57_mosaic-blanked.fits;P146+55_mosaic-blanked.fits;P147+52_mosaic-blanked.fits
P207+60_mosaic-blanked.fits,207.43116844286848,59.92931666405003,2.9793724880490933,P202+60_mosaic-blanked.fits;P203+57_mosaic-blanked.fits;P205+55_mosaic-blanked.fits;P208+57_mosaic-blanked.fits;P209+55_mosaic-blanked.fits;P212+60_mosaic-blanked.fits
P233+60_mosaic-blanked.fits,233.33116474906655,60.07591666403453,2.7406217469950813,P228+60_mosaic-blanked.fits;P232+55_mosaic-blanked.fits;P232+58_mosaic-blanked.fits;P237+58_mosaic-blanked.fits;P238+60_mosaic-blanked.fits
P23Hetdex20_mosaic-blanked.fits,185.2853833361637,47.493116665013716,2.4718716844223474,P184+42_mosaic-blanked.fits;P19Hetdex17_mosaic-blanked.fits;P20Hetdex17_mosaic-blanked.fits;P22Hetdex04_mosaic-blanked.fits;P24Hetdex20_mosaic-blanked.fits;P25Hetdex09_mosaic-blanked.fits;P26Hetdex03_mosaic-blanked.fits;P27Hetdex09_mosaic-blanked.fits
P36Hetdex10_mosaic-blanked.fits,200.1334072914753,45.332816665133954,2.912497130507229,P195+42_mosaic-blanked.fits;P198+42_mosaic-blanked.fits;P202+42_mosaic-blanked.fits;P32Hetdex08_mosaic-blanked.fits;P35Hetdex10_mosaic-blanked.fits;P38Hetdex07_mosaic-blanked.fits;P39Hetdex19_mosaic-blanked.fits;P40Hetdex19_mosaic-blanked.fits
P150+50_mosaic-blanked.fits,150.89835720161813,49.593416664886945,2.928742339496223,P146+50_mosaic-blanked.fits;P147+52_mosaic-blanked.fits;P148+45_mosaic-blanked.fits;P149+47_mosaic-blanked.fits;P151+55_mosaic-blanked.fits;P152+45_mosaic-blanked.fits;P152+47_mosaic-blanked.fits;P154+50_mosaic-blanked.fits;P155+52_mosaic-blanked.fits
P5Hetdex_mosaic-blanked.fits,166.1944072914753,45.332816665133954,3.126870598150565,P163+42_mosaic-blanked.fits;P163+45_mosaic-blanked.fits;P167+42_mosaic-blanked.fits;P170+42_mosaic-blanked.fits;P3Hetdex16_mosaic-blanked.fits;P6_mosaic-blanked.fits;P7Hetdex11_mosaic-blanked.fits;P9Hetdex01_mosaic-blanked.fits
P203+57_mosaic-blanked.fits,203.43122665960587,57.3988166642978,2.8237485882592255,P198+57_mosaic-blanked.fits;P200+55_mosaic-blanked.fits;P202+60_mosaic-blanked.fits;P205+55_mosaic-blanked.fits;P207+60_mosaic-blanked.fits;P208+57_mosaic-blanked.fits;P5Hetdex41_mosaic-blanked.fits
P016+34_mosaic-blanked.fits,16.702199865007792,33.580616665660834,2.7859640432465684,P012+36_mosaic-blanked.fits;P017+39_mosaic-blanked.fits
P213+47_mosaic-blanked.fits,213.85338421157593,47.418416665018036,2.7943706697783854,P210+45_mosaic-blanked.fits;P210+47_mosaic-blanked.fits;P211+50_mosaic-blanked.fits;P212+42_mosaic-blanked.fits;P214+45_mosaic-blanked.fits;P214+52_mosaic-blanked.fits;P215+50_mosaic-blanked.fits;P217+47_mosaic-blanked.fits;P218+45_mosaic-blanked.fits;P219+50_mosaic-blanked.fits
P182+55_mosaic-blanked.fits,182.57127752720433,54.77961666452061,2.681870262565607,P178+55_mosaic-blanked.fits;P179+57_mosaic-blanked.fits;P181+60_mosaic-blanked.fits;P184+57_mosaic-blanked.fits;P187+55_mosaic-blanked.fits;P21_mosaic-blanked.fits;P25Hetdex09_mosaic-blanked.fits
P112+37_mosaic-blanked.fits,112.72647948727695,36.82281666553235,2.7434323564910117,
P150+57_mosaic-blanked.fits,150.75723248378085,57.12031666432298,3.1999945706540682,P145+57_mosaic-blanked.fits;P145+60_mosaic-blanked.fits;P146+55_mosaic-blanked.fits;P147+52_mosaic-blanked.fits;P150+60_mosaic-blanked.fits;P151+55_mosaic-blanked.fits;P155+55_mosaic-blanked.fits;P155+57_mosaic-blanked.fits;P155+60_mosaic-blanked.fits
P189+57_mosaic-blanked.fits,189.0252282679297,57.32241666430474,2.5412453724236514,P184+57_mosaic-blanked.fits;P186+60_mosaic-blanked.fits;P187+55_mosaic-blanked.fits;P191+55_mosaic-blanked.fits;P191+60_mosaic-blanked.fits;P193+57_mosaic-blanked.fits
P145+45_mosaic-blanked.fits,145.33541537844445,44.54401666517557,3.1068700864429237,P141+45_mosaic-blanked.fits;P141+47_mosaic-blanked.fits;P142+42_mosaic-blanked.fits;P142+50_mosaic-blanked.fits;P145+47_mosaic-blanked.fits;P146+42_mosaic-blanked.fits;P146+50_mosaic-blanked.fits;P148+45_mosaic-blanked.fits;P149+42_mosaic-blanked.fits;P149+47_mosaic-blanked.fits
P209+42_mosaic-blanked.fits,209.30143599085324,42.37421666528451,2.6031220476032195,P205+42_mosaic-blanked.fits;P207+45_mosaic-blanked.fits;P210+45_mosaic-blanked.fits;P210+47_mosaic-blanked.fits;P212+42_mosaic-blanked.fits
P37Hetdex15_mosaic-blanked.fits,198.01232136221773,52.122516664718965,2.70686864176766,P196+55_mosaic-blanked.fits;P198+57_mosaic-blanked.fits;P200+55_mosaic-blanked.fits;P33Hetdex08_mosaic-blanked.fits;P34Hetdex06_mosaic-blanked.fits;P35Hetdex10_mosaic-blanked.fits;P38Hetdex07_mosaic-blanked.fits;P5Hetdex41_mosaic-blanked.fits
P140+60_mosaic-blanked.fits,140.5931772584719,59.57321666408713,2.950757031638335,P141+57_mosaic-blanked.fits;P142+55_mosaic-blanked.fits;P145+57_mosaic-blanked.fits;P145+60_mosaic-blanked.fits
P237+58_mosaic-blanked.fits,237.16022259896732,57.59001666428029,2.8743683806672737,P232+55_mosaic-blanked.fits;P232+58_mosaic-blanked.fits;P233+60_mosaic-blanked.fits;P236+53_mosaic-blanked.fits;P236+55_mosaic-blanked.fits;P238+60_mosaic-blanked.fits;P241+55_mosaic-blanked.fits;P241+58_mosaic-blanked.fits
P42Hetdex07_mosaic-blanked.fits,204.37635514997257,49.748416664877155,2.542496366746418,P1Hetdex15_mosaic-blanked.fits;P205+55_mosaic-blanked.fits;P206+50_mosaic-blanked.fits;P206+52_mosaic-blanked.fits;P38Hetdex07_mosaic-blanked.fits;P39Hetdex19_mosaic-blanked.fits;P40Hetdex19_mosaic-blanked.fits;P5Hetdex41_mosaic-blanked.fits
P240+53_mosaic-blanked.fits,240.46031411842472,52.591716664685684,2.8912453074598488,P236+53_mosaic-blanked.fits;P236+55_mosaic-blanked.fits;P239+50_mosaic-blanked.fits;P240+48_mosaic-blanked.fits;P241+55_mosaic-blanked.fits;P241+58_mosaic-blanked.fits;P243+50_mosaic-blanked.fits;P244+53_mosaic-blanked.fits
P034+39_mosaic-blanked.fits,34.07506574169726,38.74881666545079,2.536032496737382,P030+39_mosaic-blanked.fits;P035+34_mosaic-blanked.fits;P037+39_mosaic-blanked.fits
P248+60_mosaic-blanked.fits,248.92916231194155,60.171816664024306,2.7599978540824717,P243+60_mosaic-blanked.fits;P246+58_mosaic-blanked.fits
P197+60_mosaic-blanked.fits,197.10216982884964,59.87391666405584,3.1168697097783795,P191+60_mosaic-blanked.fits;P193+57_mosaic-blanked.fits;P196+55_mosaic-blanked.fits;P198+57_mosaic-blanked.fits;P202+60_mosaic-blanked.fits
P222+58_mosaic-blanked.fits,222.6822244083614,57.50511666428809,3.182495291664072,P217+57_mosaic-blanked.fits;P217+60_mosaic-blanked.fits;P218+55_mosaic-blanked.fits;P219+52_mosaic-blanked.fits;P222+60_mosaic-blanked.fits;P223+52_mosaic-blanked.fits;P223+55_mosaic-blanked.fits;P227+55_mosaic-blanked.fits;P227+58_mosaic-blanked.fits;P228+60_mosaic-blanked.fits
P5Hetdex41_mosaic-blanked.fits,202.25532136221773,52.122516664718965,2.7912455327998105,P200+55_mosaic-blanked.fits;P203+57_mosaic-blanked.fits;P205+55_mosaic-blanked.fits;P206+50_mosaic-blanked.fits;P206+52_mosaic-blanked.fits;P37Hetdex15_mosaic-blanked.fits;P38Hetdex07_mosaic-blanked.fits;P39Hetdex19_mosaic-blanked.fits;P42Hetdex07_mosaic-blanked.fits
P236+48_mosaic-blanked.fits,236.84038265755032,47.55081666501037,2.9349959944445203,P232+45_mosaic-blanked.fits;P233+48_mosaic-blanked.fits;P235+50_mosaic-blanked.fits;P236+45_mosaic-blanked.fits;P236+53_mosaic-blanked.fits;P237+43_mosaic-blanked.fits;P239+50_mosaic-blanked.fits;P240+45_mosaic-blanked.fits;P240+48_mosaic-blanked.fits
P026+34_mosaic-blanked.fits,26.028399399303318,33.660816665657784,2.679340635116278,P022+34_mosaic-blanked.fits;P022+36_mosaic-blanked.fits;P024+39_mosaic-blanked.fits;P027+31_mosaic-blanked.fits
P219+52_mosaic-blanked.fits,219.1813160647003,52.46691666469461,3.005621115176741,P214+52_mosaic-blanked.fits;P214+55_mosaic-blanked.fits;P215+50_mosaic-blanked.fits;P217+47_mosaic-blanked.fits;P217+57_mosaic-blanked.fits;P218+55_mosaic-blanked.fits;P219+50_mosaic-blanked.fits;P221+47_mosaic-blanked.fits;P222+58_mosaic-blanked.fits;P223+50_mosaic-blanked.fits;P223+52_mosaic-blanked.fits;P223+55_mosaic-blanked.fits
P121+32_mosaic-blanked.fits,121.56350943591558,31.85761666572521,2.7315214343194727,
P146+55_mosaic-blanked.fits,146.7352809081713,54.58921666453566,2.923745366882122,P142+55_mosaic-blanked.fits;P143+52_mosaic-blanked.fits;P145+57_mosaic-blanked.fits;P145+60_mosaic-blanked.fits;P146+50_mosaic-blanked.fits;P147+52_mosaic-blanked.fits;P150+57_mosaic-blanked.fits;P151+55_mosaic-blanked.fits
P024+39_mosaic-blanked.fits,24.12266637272042,38.664316665454464,2.681870262565607,P022+36_mosaic-blanked.fits;P026+34_mosaic-blanked.fits
P141+45_mosaic-blanked.fits,141.70341558320146,44.523616665176654,3.03561938285086,P141+47_mosaic-blanked.fits;P142+42_mosaic-blanked.fits;P142+50_mosaic-blanked.fits;P145+45_mosaic-blanked.fits;P145+47_mosaic-blanked.fits;P146+42_mosaic-blanked.fits
P174+42_mosaic-blanked.fits,174.31143764444417,42.18921666529346,3.156246461397168,P11Hetdex12_mosaic-blanked.fits;P13Hetdex12_mosaic-blanked.fits;P170+42_mosaic-blanked.fits;P177+42_mosaic-blanked.fits;P17_mosaic-blanked.fits;P9Hetdex01_mosaic-blanked.fits
P146+42_mosaic-blanked.fits,146.3894389676293,42.03991666530063,2.7118749609513904,P141+45_mosaic-blanked.fits;P142+42_mosaic-blanked.fits;P145+45_mosaic-blanked.fits;P145+47_mosaic-blanked.fits;P148+45_mosaic-blanked.fits;P149+42_mosaic-blanked.fits;P149+47_mosaic-blanked.fits
P191+42_mosaic-blanked.fits,191.79143682942828,42.28061666528906,3.312498373928989,P188+42_mosaic-blanked.fits;P195+42_mosaic-blanked.fits;P24Hetdex20_mosaic-blanked.fits;P27Hetdex09_mosaic-blanked.fits;P31Hetdex19_mosaic-blanked.fits;P32Hetdex08_mosaic-blanked.fits;P8Hetdex28_mosaic-blanked.fits
P232+55_mosaic-blanked.fits,232.12727264224122,55.0508166644989,3.1462459981415574,P227+53_mosaic-blanked.fits;P227+55_mosaic-blanked.fits;P227+58_mosaic-blanked.fits;P231+50_mosaic-blanked.fits;P231+53_mosaic-blanked.fits;P232+58_mosaic-blanked.fits;P233+60_mosaic-blanked.fits;P235+50_mosaic-blanked.fits;P236+53_mosaic-blanked.fits;P236+55_mosaic-blanked.fits;P237+58_mosaic-blanked.fits
P240+43_mosaic-blanked.fits,240.88643434878907,42.556216665275684,2.858100634279887,P236+45_mosaic-blanked.fits;P237+43_mosaic-blanked.fits;P240+45_mosaic-blanked.fits;P240+48_mosaic-blanked.fits;P243+45_mosaic-blanked.fits
P22Hetdex04_mosaic-blanked.fits,183.16335514997255,49.748416664877155,2.363744136918275,P18Hetdex03_mosaic-blanked.fits;P19Hetdex17_mosaic-blanked.fits;P20Hetdex17_mosaic-blanked.fits;P21_mosaic-blanked.fits;P23Hetdex20_mosaic-blanked.fits;P25Hetdex09_mosaic-blanked.fits;P26Hetdex03_mosaic-blanked.fits
P017+39_mosaic-blanked.fits,17.494366796885387,38.607316665456935,2.781247551813393,P012+36_mosaic-blanked.fits;P016+34_mosaic-blanked.fits;P022+36_mosaic-blanked.fits
P16Hetdex13_mosaic-blanked.fits,176.80032136221772,52.122516664718965,2.7881200146701004,P12Hetdex11_mosaic-blanked.fits;P14Hetdex04_mosaic-blanked.fits;P15Hetdex13_mosaic-blanked.fits;P173+55_mosaic-blanked.fits;P178+55_mosaic-blanked.fits;P18Hetdex03_mosaic-blanked.fits;P21_mosaic-blanked.fits
P221+47_mosaic-blanked.fits,221.50938370808902,47.46141666501555,2.928742339496223,P217+47_mosaic-blanked.fits;P218+45_mosaic-blanked.fits;P219+42_mosaic-blanked.fits;P219+50_mosaic-blanked.fits;P219+52_mosaic-blanked.fits;P221+45_mosaic-blanked.fits;P223+42_mosaic-blanked.fits;P223+50_mosaic-blanked.fits;P223+52_mosaic-blanked.fits;P225+45_mosaic-blanked.fits;P225+47_mosaic-blanked.fits
P198+57_mosaic-blanked.fits,198.6242272015269,57.37311666430013,2.7237459851014987,P193+57_mosaic-blanked.fits;P196+55_mosaic-blanked.fits;P197+60_mosaic-blanked.fits;P200+55_mosaic-blanked.fits;P202+60_mosaic-blanked.fits;P203+57_mosaic-blanked.fits;P37Hetdex15_mosaic-blanked.fits
P150+60_mosaic-blanked.fits,150.8301758768299,59.62961666408131,3.0149959534180195,P145+57_mosaic-blanked.fits;P145+60_mosaic-blanked.fits;P150+57_mosaic-blanked.fits;P151+55_mosaic-blanked.fits;P155+57_mosaic-blanked.fits;P155+60_mosaic-blanked.fits
P181+60_mosaic-blanked.fits,181.64017185056346,59.792716664064336,2.758744890275594,P176+60_mosaic-blanked.fits;P179+57_mosaic-blanked.fits;P182+55_mosaic-blanked.fits;P184+57_mosaic-blanked.fits;P186+60_mosaic-blanked.fits
P11Hetdex12_mosaic-blanked.fits,172.5573833361637,47.493116665013716,2.4718716844223474,P10Hetdex_mosaic-blanked.fits;P12Hetdex11_mosaic-blanked.fits;P13Hetdex12_mosaic-blanked.fits;P14Hetdex04_mosaic-blanked.fits;P15Hetdex13_mosaic-blanked.fits;P170+42_mosaic-blanked.fits;P174+42_mosaic-blanked.fits;P7Hetdex11_mosaic-blanked.fits;P9Hetdex01_mosaic-blanked.fits
P174+57_mosaic-blanked.fits,174.65222984313777,57.24721666431156,2.7112428892019738,P12Hetdex11_mosaic-blanked.fits;P169+57_mosaic-blanked.fits;P171+60_mosaic-blanked.fits;P173+55_mosaic-blanked.fits;P176+60_mosaic-blanked.fits;P178+55_mosaic-blanked.fits;P179+57_mosaic-blanked.fits
P037+39_mosaic-blanked.fits,37.39506553351368,38.77661666544959,2.5762463958350366,P034+39_mosaic-blanked.fits;P035+34_mosaic-blanked.fits
P181+42_mosaic-blanked.fits,181.2984373203189,42.2256166652917,3.0606200017643186,P177+42_mosaic-blanked.fits;P17_mosaic-blanked.fits;P184+42_mosaic-blanked.fits;P19Hetdex17_mosaic-blanked.fits;P20Hetdex17_mosaic-blanked.fits
P24Hetdex20_mosaic-blanked.fits,187.40640729147532,45.332816665133954,3.1199961942954193,P184+42_mosaic-blanked.fits;P188+42_mosaic-blanked.fits;P191+42_mosaic-blanked.fits;P20Hetdex17_mosaic-blanked.fits;P23Hetdex20_mosaic-blanked.fits;P26Hetdex03_mosaic-blanked.fits;P27Hetdex09_mosaic-blanked.fits;P8Hetdex28_mosaic-blanked.fits
P223+50_mosaic-blanked.fits,223.08235205506216,49.97971666486244,3.005621115176741,P219+50_mosaic-blanked.fits;P219+52_mosaic-blanked.fits;P221+45_mosaic-blanked.fits;P221+47_mosaic-blanked.fits;P223+52_mosaic-blanked.fits;P223+55_mosaic-blanked.fits;P225+45_mosaic-blanked.fits;P225+47_mosaic-blanked.fits;P227+50_mosaic-blanked.fits;P227+53_mosaic-blanked.fits
P241+58_mosaic-blanked.fits,241.99422197002443,57.61941666427759,2.7799945044471848,P237+58_mosaic-blanked.fits;P238+60_mosaic-blanked.fits;P240+53_mosaic-blanked.fits;P241+55_mosaic-blanked.fits;P243+60_mosaic-blanked.fits;P245+55_mosaic-blanked.fits;P246+58_mosaic-blanked.fits
P149+42_mosaic-blanked.fits,149.8734387980299,42.059116665299705,2.7699965827715305,P145+45_mosaic-blanked.fits;P146+42_mosaic-blanked.fits;P148+45_mosaic-blanked.fits;P149+47_mosaic-blanked.fits;P152+45_mosaic-blanked.fits;P153+42_mosaic-blanked.fits
P155+57_mosaic-blanked.fits,155.52923194868498,57.146116664320644,3.023119112511574,P150+57_mosaic-blanked.fits;P150+60_mosaic-blanked.fits;P151+55_mosaic-blanked.fits;P155+52_mosaic-blanked.fits;P155+55_mosaic-blanked.fits;P155+60_mosaic-blanked.fits;P160+55_mosaic-blanked.fits;P160+57_mosaic-blanked.fits
P156+42_mosaic-blanked.fits,156.85343846453233,42.0968166652979,2.886872457517714,P152+45_mosaic-blanked.fits;P153+42_mosaic-blanked.fits;P156+45_mosaic-blanked.fits;P156+47_mosaic-blanked.fits;P159+45_mosaic-blanked.fits;P160+42_mosaic-blanked.fits
P164+55_mosaic-blanked.fits,164.63227920311414,54.68551666452807,2.9937455766516283,P159+52_mosaic-blanked.fits;P160+55_mosaic-blanked.fits;P160+57_mosaic-blanked.fits;P165+57_mosaic-blanked.fits;P166+60_mosaic-blanked.fits;P169+55_mosaic-blanked.fits;P4Hetdex16_mosaic-blanked.fits;P6_mosaic-blanked.fits;P8Hetdex_mosaic-blanked.fits
P012+36_mosaic-blanked.fits,12.941884592234738,36.0580166655636,2.7893719081493886,P016+34_mosaic-blanked.fits;P017+39_mosaic-blanked.fits
P151+55_mosaic-blanked.fits,151.20528047534034,54.61371666453375,3.1412457419391364,P145+57_mosaic-blanked.fits;P146+55_mosaic-blanked.fits;P147+52_mosaic-blanked.fits;P150+50_mosaic-blanked.fits;P150+57_mosaic-blanked.fits;P150+60_mosaic-blanked.fits;P155+52_mosaic-blanked.fits;P155+55_mosaic-blanked.fits;P155+57_mosaic-blanked.fits
P145+47_mosaic-blanked.fits,145.21538844668268,47.05271666503901,3.03561938285086,P141+45_mosaic-blanked.fits;P141+47_mosaic-blanked.fits;P142+42_mosaic-blanked.fits;P142+50_mosaic-blanked.fits;P143+52_mosaic-blanked.fits;P145+45_mosaic-blanked.fits;P146+42_mosaic-blanked.fits;P146+50_mosaic-blanked.fits;P147+52_mosaic-blanked.fits;P148+45_mosaic-blanked.fits;P149+47_mosaic-blanked.fits
P17_mosaic-blanked.fits,178.9214072914753,45.332816665133954,3.0606200017643186,P13Hetdex12_mosaic-blanked.fits;P15Hetdex13_mosaic-blanked.fits;P174+42_mosaic-blanked.fits;P177+42_mosaic-blanked.fits;P181+42_mosaic-blanked.fits;P18Hetdex03_mosaic-blanked.fits;P19Hetdex17_mosaic-blanked.fits;P20Hetdex17_mosaic-blanked.fits
P19Hetdex17_mosaic-blanked.fits,181.0423833361637,47.493116665013716,2.4718716844223474,P15Hetdex13_mosaic-blanked.fits;P17_mosaic-blanked.fits;P181+42_mosaic-blanked.fits;P18Hetdex03_mosaic-blanked.fits;P20Hetdex17_mosaic-blanked.fits;P21_mosaic-blanked.fits;P22Hetdex04_mosaic-blanked.fits;P23Hetdex20_mosaic-blanked.fits
P196+55_mosaic-blanked.fits,196.05327625982866,54.85041666451496,2.6274958548327616,P191+55_mosaic-blanked.fits;P193+57_mosaic-blanked.fits;P197+60_mosaic-blanked.fits;P198+57_mosaic-blanked.fits;P200+55_mosaic-blanked.fits;P33Hetdex08_mosaic-blanked.fits;P37Hetdex15_mosaic-blanked.fits
P26Hetdex03_mosaic-blanked.fits,187.40635514997257,49.748416664877155,2.363744136918275,P22Hetdex04_mosaic-blanked.fits;P23Hetdex20_mosaic-blanked.fits;P24Hetdex20_mosaic-blanked.fits;P25Hetdex09_mosaic-blanked.fits;P27Hetdex09_mosaic-blanked.fits;P29Hetdex19_mosaic-blanked.fits;P30Hetdex06_mosaic-blanked.fits
P188+42_mosaic-blanked.fits,188.29343699380658,42.26221666528993,3.248745526017591,P184+42_mosaic-blanked.fits;P191+42_mosaic-blanked.fits;P20Hetdex17_mosaic-blanked.fits;P24Hetdex20_mosaic-blanked.fits;P27Hetdex09_mosaic-blanked.fits;P8Hetdex28_mosaic-blanked.fits
P246+58_mosaic-blanked.fits,246.83222132269333,57.64961666427481,2.6887434072682916,P241+58_mosaic-blanked.fits;P243+60_mosaic-blanked.fits;P244+53_mosaic-blanked.fits;P245+55_mosaic-blanked.fits;P248+60_mosaic-blanked.fits
P218+45_mosaic-blanked.fits,218.2324114279301,44.933416665155164,2.928742339496223,P213+47_mosaic-blanked.fits;P214+45_mosaic-blanked.fits;P215+50_mosaic-blanked.fits;P216+42_mosaic-blanked.fits;P217+47_mosaic-blanked.fits;P219+42_mosaic-blanked.fits;P219+50_mosaic-blanked.fits;P221+45_mosaic-blanked.fits;P221+47_mosaic-blanked.fits
P007+39_mosaic-blanked.fits,7.561827435322359,38.52121666546065,2.869003107063676,P004+38_mosaic-blanked.fits;P006+36_mosaic-blanked.fits
P148+45_mosaic-blanked.fits,148.9684151795015,44.56381666517454,3.1131223469403135,P145+45_mosaic-blanked.fits;P145+47_mosaic-blanked.fits;P146+42_mosaic-blanked.fits;P146+50_mosaic-blanked.fits;P149+42_mosaic-blanked.fits;P149+47_mosaic-blanked.fits;P150+50_mosaic-blanked.fits;P152+45_mosaic-blanked.fits;P152+47_mosaic-blanked.fits;P153+42_mosaic-blanked.fits
P163+45_mosaic-blanked.fits,163.5144143927774,44.64191666517047,2.950623092104274,P159+45_mosaic-blanked.fits;P160+42_mosaic-blanked.fits;P160+47_mosaic-blanked.fits;P163+42_mosaic-blanked.fits;P167+42_mosaic-blanked.fits;P2Hetdex01_mosaic-blanked.fits;P3Hetdex16_mosaic-blanked.fits;P5Hetdex_mosaic-blanked.fits
P32Hetdex08_mosaic-blanked.fits,195.8914072914753,45.332816665133954,3.1649977881739044,P191+42_mosaic-blanked.fits;P195+42_mosaic-blanked.fits;P198+42_mosaic-blanked.fits;P31Hetdex19_mosaic-blanked.fits;P34Hetdex06_mosaic-blanked.fits;P35Hetdex10_mosaic-blanked.fits;P36Hetdex10_mosaic-blanked.fits;P8Hetdex28_mosaic-blanked.fits
P245+55_mosaic-blanked.fits,245.70227113801005,55.13341666449223,2.7799945044471848,P241+55_mosaic-blanked.fits;P241+58_mosaic-blanked.fits;P243+60_mosaic-blanked.fits;P244+53_mosaic-blanked.fits;P246+58_mosaic-blanked.fits
P213+57_mosaic-blanked.fits,213.0482255539538,57.45111666429303,3.0424941529096516,P208+57_mosaic-blanked.fits;P209+55_mosaic-blanked.fits;P210+52_mosaic-blanked.fits;P212+60_mosaic-blanked.fits;P214+52_mosaic-blanked.fits;P214+55_mosaic-blanked.fits;P217+57_mosaic-blanked.fits;P217+60_mosaic-blanked.fits
P147+52_mosaic-blanked.fits,147.23832196755708,52.082716664721744,2.9881211852048364,P142+50_mosaic-blanked.fits;P142+55_mosaic-blanked.fits;P143+52_mosaic-blanked.fits;P145+47_mosaic-blanked.fits;P145+57_mosaic-blanked.fits;P146+50_mosaic-blanked.fits;P146+55_mosaic-blanked.fits;P149+47_mosaic-blanked.fits;P150+50_mosaic-blanked.fits;P150+57_mosaic-blanked.fits;P151+55_mosaic-blanked.fits
P173+55_mosaic-blanked.fits,173.59627836192308,54.732816664524314,2.8012453814727136,P12Hetdex11_mosaic-blanked.fits;P14Hetdex04_mosaic-blanked.fits;P169+55_mosaic-blanked.fits;P169+57_mosaic-blanked.fits;P16Hetdex13_mosaic-blanked.fits;P174+57_mosaic-blanked.fits;P178+55_mosaic-blanked.fits
P236+45_mosaic-blanked.fits,236.53441033855154,45.039416665149574,3.00437059850611,P232+45_mosaic-blanked.fits;P233+43_mosaic-blanked.fits;P233+48_mosaic-blanked.fits;P235+50_mosaic-blanked.fits;P236+48_mosaic-blanked.fits;P237+43_mosaic-blanked.fits;P240+43_mosaic-blanked.fits;P240+45_mosaic-blanked.fits;P240+48_mosaic-blanked.fits
P141+47_mosaic-blanked.fits,141.4163886862124,47.03181666504019,2.9662452424658987,P141+45_mosaic-blanked.fits;P142+42_mosaic-blanked.fits;P142+50_mosaic-blanked.fits;P143+52_mosaic-blanked.fits;P145+45_mosaic-blanked.fits;P145+47_mosaic-blanked.fits
P036+31_mosaic-blanked.fits,36.492112674943115,31.23941666574773,2.602434083664524,P035+34_mosaic-blanked.fits
P227+50_mosaic-blanked.fits,227.10935174375882,50.00281666486096,2.9231209103453635,P223+50_mosaic-blanked.fits;P223+52_mosaic-blanked.fits;P225+45_mosaic-blanked.fits;P225+47_mosaic-blanked.fits;P227+53_mosaic-blanked.fits;P227+55_mosaic-blanked.fits;P229+45_mosaic-blanked.fits;P229+48_mosaic-blanked.fits;P231+50_mosaic-blanked.fits;P231+53_mosaic-blanked.fits
P000+38_mosaic-blanked.fits,0.9467428609069467,38.463616665463135,2.9942977302406195,P004+38_mosaic-blanked.fits
P143+52_mosaic-blanked.fits,143.0263223212866,52.059416664723365,3.010619309221394,P141+47_mosaic-blanked.fits;P141+57_mosaic-blanked.fits;P142+50_mosaic-blanked.fits;P142+55_mosaic-blanked.fits;P145+47_mosaic-blanked.fits;P145+57_mosaic-blanked.fits;P146+50_mosaic-blanked.fits;P146+55_mosaic-blanked.fits;P147+52_mosaic-blanked.fits
P227+58_mosaic-blanked.fits,227.50422381913097,57.53281666428555,3.0399958642962854,P222+58_mosaic-blanked.fits;P222+60_mosaic-blanked.fits;P223+55_mosaic-blanked.fits;P227+53_mosaic-blanked.fits;P227+55_mosaic-blanked.fits;P228+60_mosaic-blanked.fits;P232+55_mosaic-blanked.fits;P232+58_mosaic-blanked.fits
P13Hetdex12_mosaic-blanked.fits,174.67940729147531,45.332816665133954,3.323122576235181,P11Hetdex12_mosaic-blanked.fits;P14Hetdex04_mosaic-blanked.fits;P15Hetdex13_mosaic-blanked.fits;P170+42_mosaic-blanked.fits;P174+42_mosaic-blanked.fits;P177+42_mosaic-blanked.fits;P17_mosaic-blanked.fits;P9Hetdex01_mosaic-blanked.fits
P035+34_mosaic-blanked.fits,35.36329893875759,33.739816665654764,3.107495550464985,P034+39_mosaic-blanked.fits;P036+31_mosaic-blanked.fits;P037+39_mosaic-blanked.fits
P27Hetdex09_mosaic-blanked.fits,189.5273833361637,47.493116665013716,2.4718716844223474,P188+42_mosaic-blanked.fits;P191+42_mosaic-blanked.fits;P23Hetdex20_mosaic-blanked.fits;P24Hetdex20_mosaic-blanked.fits;P26Hetdex03_mosaic-blanked.fits;P29Hetdex19_mosaic-blanked.fits;P30Hetdex06_mosaic-blanked.fits;P31Hetdex19_mosaic-blanked.fits;P8Hetdex28_mosaic-blanked.fits
P217+57_mosaic-blanked.fits,217.8632249859099,57.47791666429057,3.1799959458862714,P212+60_mosaic-blanked.fits;P213+57_mosaic-blanked.fits;P214+52_mosaic-blanked.fits;P214+55_mosaic-blanked.fits;P217+60_mosaic-blanked.fits;P218+55_mosaic-blanked.fits;P219+52_mosaic-blanked.fits;P222+58_mosaic-blanked.fits;P222+60_mosaic-blanked.fits;P223+55_mosaic-blanked.fits
P160+57_mosaic-blanked.fits,160.30423141684503,57.17171666431836,2.9937455766516283,P155+55_mosaic-blanked.fits;P155+57_mosaic-blanked.fits;P155+60_mosaic-blanked.fits;P159+52_mosaic-blanked.fits;P160+55_mosaic-blanked.fits;P161+60_mosaic-blanked.fits;P164+55_mosaic-blanked.fits;P165+57_mosaic-blanked.fits
P217+60_mosaic-blanked.fits,217.77716701120627,59.98631666404402,3.0424941529096516,P212+60_mosaic-blanked.fits;P213+57_mosaic-blanked.fits;P217+57_mosaic-blanked.fits;P218+55_mosaic-blanked.fits;P222+58_mosaic-blanked.fits;P222+60_mosaic-blanked.fits
P3Hetdex16_mosaic-blanked.fits,164.0723833361637,47.493116665013716,2.4812470771306936,P159+45_mosaic-blanked.fits;P160+47_mosaic-blanked.fits;P163+42_mosaic-blanked.fits;P163+45_mosaic-blanked.fits;P2Hetdex01_mosaic-blanked.fits;P4Hetdex16_mosaic-blanked.fits;P5Hetdex_mosaic-blanked.fits;P6_mosaic-blanked.fits;P7Hetdex11_mosaic-blanked.fits
P006+36_mosaic-blanked.fits,6.539724955892214,36.00241666556585,2.7056217726871585,P004+38_mosaic-blanked.fits;P007+39_mosaic-blanked.fits
P231+50_mosaic-blanked.fits,231.13935142529928,50.026416664859454,2.8424956586891508,P227+50_mosaic-blanked.fits;P227+53_mosaic-blanked.fits;P229+45_mosaic-blanked.fits;P229+48_mosaic-blanked.fits;P231+53_mosaic-blanked.fits;P232+45_mosaic-blanked.fits;P232+55_mosaic-blanked.fits;P233+48_mosaic-blanked.fits;P235+50_mosaic-blanked.fits;P236+53_mosaic-blanked.fits
P156+45_mosaic-blanked.fits,156.23941478402148,44.6031166651725,2.9724912758047135,P152+45_mosaic-blanked.fits;P152+47_mosaic-blanked.fits;P153+42_mosaic-blanked.fits;P154+50_mosaic-blanked.fits;P156+42_mosaic-blanked.fits;P156+47_mosaic-blanked.fits;P158+50_mosaic-blanked.fits;P159+45_mosaic-blanked.fits;P160+42_mosaic-blanked.fits;P160+47_mosaic-blanked.fits
P142+42_mosaic-blanked.fits,142.9014391379453,42.02061666530155,2.6587456338708266,P141+45_mosaic-blanked.fits;P141+47_mosaic-blanked.fits;P145+45_mosaic-blanked.fits;P145+47_mosaic-blanked.fits;P146+42_mosaic-blanked.fits
P1Hetdex15_mosaic-blanked.fits,206.4973833361637,47.493116665013716,2.4712432334158243,P205+42_mosaic-blanked.fits;P206+50_mosaic-blanked.fits;P206+52_mosaic-blanked.fits;P207+45_mosaic-blanked.fits;P210+45_mosaic-blanked.fits;P210+47_mosaic-blanked.fits;P211+50_mosaic-blanked.fits;P39Hetdex19_mosaic-blanked.fits;P40Hetdex19_mosaic-blanked.fits;P42Hetdex07_mosaic-blanked.fits
P223+42_mosaic-blanked.fits,223.32743528627302,42.45251666528073,2.5787453524182475,P219+42_mosaic-blanked.fits;P221+45_mosaic-blanked.fits;P221+47_mosaic-blanked.fits;P225+45_mosaic-blanked.fits;P225+47_mosaic-blanked.fits;P226+42_mosaic-blanked.fits
P159+52_mosaic-blanked.fits,159.8893209263548,52.151116664716945,3.0468715331142735,P154+50_mosaic-blanked.fits;P155+52_mosaic-blanked.fits;P155+55_mosaic-blanked.fits;P158+50_mosaic-blanked.fits;P160+47_mosaic-blanked.fits;P160+55_mosaic-blanked.fits;P160+57_mosaic-blanked.fits;P164+55_mosaic-blanked.fits;P2Hetdex01_mosaic-blanked.fits;P4Hetdex16_mosaic-blanked.fits
P184+57_mosaic-blanked.fits,184.22922879456095,57.29731666430701,2.546869959073005,P179+57_mosaic-blanked.fits;P181+60_mosaic-blanked.fits;P182+55_mosaic-blanked.fits;P186+60_mosaic-blanked.fits;P187+55_mosaic-blanked.fits;P189+57_mosaic-blanked.fits
P35Hetdex10_mosaic-blanked.fits,198.0123833361637,47.493116665013716,2.4718716844223474,P198+42_mosaic-blanked.fits;P31Hetdex19_mosaic-blanked.fits;P32Hetdex08_mosaic-blanked.fits;P34Hetdex06_mosaic-blanked.fits;P36Hetdex10_mosaic-blanked.fits;P37Hetdex15_mosaic-blanked.fits;P38Hetdex07_mosaic-blanked.fits;P39Hetdex19_mosaic-blanked.fits
P169+55_mosaic-blanked.fits,169.11327878371452,54.7091166645262,2.8956208288786924,P10Hetdex_mosaic-blanked.fits;P12Hetdex11_mosaic-blanked.fits;P164+55_mosaic-blanked.fits;P165+57_mosaic-blanked.fits;P169+57_mosaic-blanked.fits;P171+60_mosaic-blanked.fits;P173+55_mosaic-blanked.fits;P4Hetdex16_mosaic-blanked.fits;P8Hetdex_mosaic-blanked.fits
P243+45_mosaic-blanked.fits,243.86540987631378,45.084216665147174,2.591690511341355,P240+43_mosaic-blanked.fits;P240+45_mosaic-blanked.fits;P240+48_mosaic-blanked.fits;P243+50_mosaic-blanked.fits;P244+48_mosaic-blanked.fits
P8Hetdex28_mosaic-blanked.fits,191.6484072914753,45.332816665133954,3.3718707350578185,P188+42_mosaic-blanked.fits;P191+42_mosaic-blanked.fits;P195+42_mosaic-blanked.fits;P24Hetdex20_mosaic-blanked.fits;P27Hetdex09_mosaic-blanked.fits;P30Hetdex06_mosaic-blanked.fits;P31Hetdex19_mosaic-blanked.fits;P32Hetdex08_mosaic-blanked.fits
P211+50_mosaic-blanked.fits,211.01135296240193,49.91221666486675,3.2712442757748192,P1Hetdex15_mosaic-blanked.fits;P206+50_mosaic-blanked.fits;P206+52_mosaic-blanked.fits;P209+55_mosaic-blanked.fits;P210+45_mosaic-blanked.fits;P210+47_mosaic-blanked.fits;P210+52_mosaic-blanked.fits;P213+47_mosaic-blanked.fits;P214+52_mosaic-blanked.fits;P214+55_mosaic-blanked.fits;P215+50_mosaic-blanked.fits
P202+60_mosaic-blanked.fits,202.26416914153765,59.90141666405297,3.1043720168755535,P197+60_mosaic-blanked.fits;P198+57_mosaic-blanked.fits;P200+55_mosaic-blanked.fits;P203+57_mosaic-blanked.fits;P205+55_mosaic-blanked.fits;P207+60_mosaic-blanked.fits
P160+47_mosaic-blanked.fits,160.42738749968998,47.13511666503431,2.8381155162803076,P156+45_mosaic-blanked.fits;P156+47_mosaic-blanked.fits;P158+50_mosaic-blanked.fits;P159+45_mosaic-blanked.fits;P159+52_mosaic-blanked.fits;P160+42_mosaic-blanked.fits;P163+42_mosaic-blanked.fits;P163+45_mosaic-blanked.fits;P2Hetdex01_mosaic-blanked.fits;P3Hetdex16_mosaic-blanked.fits
P142+50_mosaic-blanked.fits,142.91335778078886,49.5494166648897,3.0949945544443995,P141+45_mosaic-blanked.fits;P141+47_mosaic-blanked.fits;P142+55_mosaic-blanked.fits;P143+52_mosaic-blanked.fits;P145+45_mosaic-blanked.fits;P145+47_mosaic-blanked.fits;P146+50_mosaic-blanked.fits;P147+52_mosaic-blanked.fits
P229+45_mosaic-blanked.fits,229.2094107842829,44.99611666515186,3.1443711616441625,P225+45_mosaic-blanked.fits;P225+47_mosaic-blanked.fits;P226+42_mosaic-blanked.fits;P227+50_mosaic-blanked.fits;P229+48_mosaic-blanked.fits;P230+42_mosaic-blanked.fits;P231+50_mosaic-blanked.fits;P232+45_mosaic-blanked.fits;P233+43_mosaic-blanked.fits;P233+48_mosaic-blanked.fits
P171+60_mosaic-blanked.fits,171.35617318374574,59.73891666406996,2.6118691943135475,P166+60_mosaic-blanked.fits;P169+55_mosaic-blanked.fits;P169+57_mosaic-blanked.fits;P174+57_mosaic-blanked.fits;P176+60_mosaic-blanked.fits
P205+42_mosaic-blanked.fits,205.79743616140053,42.355216665285425,2.7156207132768575,P1Hetdex15_mosaic-blanked.fits;P202+42_mosaic-blanked.fits;P207+45_mosaic-blanked.fits;P209+42_mosaic-blanked.fits;P40Hetdex19_mosaic-blanked.fits
P198+42_mosaic-blanked.fits,198.79243649841823,42.31761666528726,3.1649977881739044,P195+42_mosaic-blanked.fits;P202+42_mosaic-blanked.fits;P32Hetdex08_mosaic-blanked.fits;P35Hetdex10_mosaic-blanked.fits;P36Hetdex10_mosaic-blanked.fits
P030+39_mosaic-blanked.fits,30.756265951087645,38.720816665452,2.5884120141682843,P034+39_mosaic-blanked.fits
P223+55_mosaic-blanked.fits,223.0892735943138,54.998316664503115,3.1724965197449384,P217+57_mosaic-blanked.fits;P218+55_mosaic-blanked.fits;P219+52_mosaic-blanked.fits;P222+58_mosaic-blanked.fits;P222+60_mosaic-blanked.fits;P223+50_mosaic-blanked.fits;P223+52_mosaic-blanked.fits;P227+53_mosaic-blanked.fits;P227+55_mosaic-blanked.fits;P227+58_mosaic-blanked.fits
P221+45_mosaic-blanked.fits,221.89041121874553,44.95381666515409,2.9981187346440565,P217+47_mosaic-blanked.fits;P218+45_mosaic-blanked.fits;P219+42_mosaic-blanked.fits;P219+50_mosaic-blanked.fits;P221+47_mosaic-blanked.fits;P223+42_mosaic-blanked.fits;P223+50_mosaic-blanked.fits;P225+45_mosaic-blanked.fits;P225+47_mosaic-blanked.fits;P226+42_mosaic-blanked.fits
P179+57_mosaic-blanked.fits,179.4382293182332,57.272316664309294,2.626243117631591,P174+57_mosaic-blanked.fits;P176+60_mosaic-blanked.fits;P178+55_mosaic-blanked.fits;P181+60_mosaic-blanked.fits;P182+55_mosaic-blanked.fits;P184+57_mosaic-blanked.fits
P2Hetdex01_mosaic-blanked.fits,161.95135514997256,49.748416664877155,2.416245508312849,P158+50_mosaic-blanked.fits;P159+52_mosaic-blanked.fits;P160+47_mosaic-blanked.fits;P160+55_mosaic-blanked.fits;P163+45_mosaic-blanked.fits;P3Hetdex16_mosaic-blanked.fits;P4Hetdex16_mosaic-blanked.fits;P6_mosaic-blanked.fits
P022+36_mosaic-blanked.fits,22.553684047503392,36.141016665560244,2.8520033916233247,P017+39_mosaic-blanked.fits;P022+34_mosaic-blanked.fits;P024+39_mosaic-blanked.fits;P026+34_mosaic-blanked.fits
P160+55_mosaic-blanked.fits,160.15427962367733,54.66181666452993,3.174998166122548,P155+52_mosaic-blanked.fits;P155+55_mosaic-blanked.fits;P155+57_mosaic-blanked.fits;P158+50_mosaic-blanked.fits;P159+52_mosaic-blanked.fits;P160+57_mosaic-blanked.fits;P161+60_mosaic-blanked.fits;P164+55_mosaic-blanked.fits;P165+57_mosaic-blanked.fits;P2Hetdex01_mosaic-blanked.fits;P4Hetdex16_mosaic-blanked.fits
P160+42_mosaic-blanked.fits,160.3394382997594,42.115416665297005,2.950623092104274,P156+42_mosaic-blanked.fits;P156+45_mosaic-blanked.fits;P159+45_mosaic-blanked.fits;P160+47_mosaic-blanked.fits;P163+42_mosaic-blanked.fits;P163+45_mosaic-blanked.fits
P184+42_mosaic-blanked.fits,184.7954371571388,42.243916665290804,3.1199961942954193,P181+42_mosaic-blanked.fits;P188+42_mosaic-blanked.fits;P20Hetdex17_mosaic-blanked.fits;P23Hetdex20_mosaic-blanked.fits;P24Hetdex20_mosaic-blanked.fits
P206+52_mosaic-blanked.fits,206.4383171532132,52.3967166646996,2.699368193818631,P1Hetdex15_mosaic-blanked.fits;P205+55_mosaic-blanked.fits;P206+50_mosaic-blanked.fits;P208+57_mosaic-blanked.fits;P209+55_mosaic-blanked.fits;P210+52_mosaic-blanked.fits;P211+50_mosaic-blanked.fits;P42Hetdex07_mosaic-blanked.fits;P5Hetdex41_mosaic-blanked.fits
P10Hetdex_mosaic-blanked.fits,170.43635514997257,49.748416664877155,2.363744136918275,P11Hetdex12_mosaic-blanked.fits;P12Hetdex11_mosaic-blanked.fits;P14Hetdex04_mosaic-blanked.fits;P169+55_mosaic-blanked.fits;P6_mosaic-blanked.fits;P7Hetdex11_mosaic-blanked.fits;P8Hetdex_mosaic-blanked.fits;P9Hetdex01_mosaic-blanked.fits
P6_mosaic-blanked.fits,166.19435514997255,49.748416664877155,2.363744136918275,P10Hetdex_mosaic-blanked.fits;P164+55_mosaic-blanked.fits;P2Hetdex01_mosaic-blanked.fits;P3Hetdex16_mosaic-blanked.fits;P4Hetdex16_mosaic-blanked.fits;P5Hetdex_mosaic-blanked.fits;P7Hetdex11_mosaic-blanked.fits;P8Hetdex_mosaic-blanked.fits
P191+60_mosaic-blanked.fits,191.94417050985027,59.84661666405871,2.9839266660703117,P186+60_mosaic-blanked.fits;P189+57_mosaic-blanked.fits;P191+55_mosaic-blanked.fits;P193+57_mosaic-blanked.fits;P197+60_mosaic-blanked.fits
P8Hetdex_mosaic-blanked.fits,168.31532136221773,52.122516664718965,2.909995938237842,P10Hetdex_mosaic-blanked.fits;P12Hetdex11_mosaic-blanked.fits;P164+55_mosaic-blanked.fits;P169+55_mosaic-blanked.fits;P169+57_mosaic-blanked.fits;P4Hetdex16_mosaic-blanked.fits;P6_mosaic-blanked.fits;P7Hetdex11_mosaic-blanked.fits
P158+50_mosaic-blanked.fits,158.89035663423329,49.63641666488423,2.7718693981304994,P154+50_mosaic-blanked.fits;P155+52_mosaic-blanked.fits;P156+45_mosaic-blanked.fits;P156+47_mosaic-blanked.fits;P159+45_mosaic-blanked.fits;P159+52_mosaic-blanked.fits;P160+47_mosaic-blanked.fits;P160+55_mosaic-blanked.fits;P2Hetdex01_mosaic-blanked.fits
P152+47_mosaic-blanked.fits,152.8183879691138,47.09431666503664,2.9724912758047135,P148+45_mosaic-blanked.fits;P149+47_mosaic-blanked.fits;P150+50_mosaic-blanked.fits;P152+45_mosaic-blanked.fits;P153+42_mosaic-blanked.fits;P154+50_mosaic-blanked.fits;P155+52_mosaic-blanked.fits;P156+45_mosaic-blanked.fits;P156+47_mosaic-blanked.fits
P216+42_mosaic-blanked.fits,216.31543564386388,42.412816665282634,2.511247260052546,P212+42_mosaic-blanked.fits;P214+45_mosaic-blanked.fits;P217+47_mosaic-blanked.fits;P218+45_mosaic-blanked.fits;P219+42_mosaic-blanked.fits
P163+42_mosaic-blanked.fits,163.8304381357176,42.13391666529611,3.278124062365003,P159+45_mosaic-blanked.fits;P160+42_mosaic-blanked.fits;P160+47_mosaic-blanked.fits;P163+45_mosaic-blanked.fits;P167+42_mosaic-blanked.fits;P3Hetdex16_mosaic-blanked.fits;P5Hetdex_mosaic-blanked.fits
P116+34_mosaic-blanked.fits,116.60249539786572,34.337116665631754,1.5557473418869767,
P155+52_mosaic-blanked.fits,155.67132127083835,52.128516664718525,3.174998166122548,P150+50_mosaic-blanked.fits;P151+55_mosaic-blanked.fits;P152+47_mosaic-blanked.fits;P154+50_mosaic-blanked.fits;P155+55_mosaic-blanked.fits;P155+57_mosaic-blanked.fits;P156+47_mosaic-blanked.fits;P158+50_mosaic-blanked.fits;P159+52_mosaic-blanked.fits;P160+55_mosaic-blanked.fits
P154+50_mosaic-blanked.fits,154.89335691677664,49.61501666488558,2.8493708583928807,P150+50_mosaic-blanked.fits;P152+45_mosaic-blanked.fits;P152+47_mosaic-blanked.fits;P155+52_mosaic-blanked.fits;P155+55_mosaic-blanked.fits;P156+45_mosaic-blanked.fits;P156+47_mosaic-blanked.fits;P158+50_mosaic-blanked.fits;P159+52_mosaic-blanked.fits